
{
    "region" : "ap-south-1",
    "profile" : "default",
    "configuration" : "Release",
    "framework"     : "net8.0",
    "function-name" : "RSASupportAPI",
    "function-description" : "",
    "package-type"         : "Zip",
    "function-handler"     : "RSASupportAPI",
    "function-memory-size" : 512,
    "function-role"        : "arn:aws:iam::741448923202:role/lambda_exec_RSASupportAPI",
    "function-timeout"     : 15,
    "function-runtime"     : "dotnet8",
    "function-architecture" : "x86_64",
    "function-subnets"      : "",
    "function-security-groups" : "",
    "tracing-mode"             : "PassThrough",
    "environment-variables"    : "",
    "image-tag"                : ""
}